concept;subject_field;reference;definition;source;specializes;is_part_of;notes
abbandonare rifiuti;https://dbpedia.org/page/Category:Waste_management;;immettere rifiuti di qualsiasi genere allo stato solido o liquido nel terreno o nelle acque superficiali o sotterranee;enciclopediambiente.com;;;
abbandono dei rifiuti;https://dbpedia.org/page/Category:Waste_management;;immissione di rifiuti di qualsiasi genere allo stato solido o liquido nel terreno o nelle acque superficiali o sotterranee;enciclopediambiente.com;;;
abbandono dei rifiuti pericolosi;https://dbpedia.org/page/Category:Waste_management;;immettere rifiuti pericolosi allo stato solido o liquido nel terreno o nelle acque superficiali o sotterranee;;abbandono dei rifiuti;;
acciaio;https://dbpedia.org/page/Category:Materials;https://iate.europa.eu/entry/result/1145607;gli acciai sono materiali ferrosi che si prestano generalmente alla lavorazione a caldo. Ad eccezione di determinati acciai ad alto tenore in cromo, essi contengono meno dell'1,9 % di carbonio;IATE;materiale ferroso;;
agevolazione tari;https://dbpedia.org/page/Category:Waste_law;;Agevolazione economica che consente di ottenere uno sconto sulla tassa rifiuti;;;;
alluminio;https://dbpedia.org/page/Category:Materials;https://iate.europa.eu/entry/result/953291;Elemento chimico metallico, con numero atomico 13, trivalente e molto reattivo;IATE;materiale;;
analisi merceologica;https://dbpedia.org/page/Category:Waste_management;;l'analisi di un campione rappresentativo di rifiuti differenziati, effettuata tramite cernita manuale e pesatura, al fine di valutarne l'effettiva composizione interna del rifiuto.;;;gestione integrata dei rifiuti urbani;
apparecchiature elettriche ed elettroniche;https://dbpedia.org/page/Category:Waste_management;;Le apparecchiature che dipendono, per un corretto funzioname to, da correnti elettriche o campi elettromagnetici e le apparecchiature di generazione, trasferimento e misura di queste correnti e campi e progettate per essere usate con una tensione non superiore a 1 000 volt per la corrente alter nata e a 1 500 volt per la corrente continua.;http://data.europa.eu/eli/dir/2012/19/oj;oggetto;;
apparecchiature refrigeranti;https://dbpedia.org/page/Category:Waste_management;;frigoriferi, condizionatori, apparecchi di condizionamento, scaldacqua.;;raee ingombrante;;
area tecnica ambientale;https://dbpedia.org/page/Category:Waste_law;;Settore del comune che sovrintende e coordina i servi ambientali;;;comune;
assessorato all'ambiente;https://dbpedia.org/page/Category:Waste_law;;L'insieme degli uffici che dipendono dall'assessore alle politiche ambientali;;;comune;
assimilabilità ai rifiuti urbani;https://dbpedia.org/page/Category:Waste_law;;Possibilità di trattare i rifiuti speciali che sono simili per natura e composizione ai rifiuti urbani negli impianti originariamente progettati per il trattamento di rifiuti urbani.;;caratteristica;;
attivazione del servizio di gestione dei rifiuti;https://dbpedia.org/page/Category:Waste_management;;l’avvio del servizio integrato di gestione dei rifiuti urbani.;TQRIF;;gestione integrata dei rifiuti urbani;
attrezzature per il compostaggio domestico;https://dbpedia.org/page/Category:Waste_management;;"Complesso delle attrezzature necessarie per effettuare il compostaggio domestico, in genere fornito dal comune. Può comprendere una compostiera, un attivatore biologico; ecc.";;attrezzatura;;
attrezzature per la raccolta differenziata;https://dbpedia.org/page/Category:Waste_management;;Complesso delle attrezzature necessarie per la raccolta differenziata, in genere fornito dal comune. Può comprendere mastelli, sacchi trasparenti, sacchi di carta, ecc.;;attrezzatura;;
autocompattatore;https://dbpedia.org/page/Category:Waste_management;https://iate.europa.eu/entry/result/1390555;autocarro utilizzato per il trasporto dei rifiuti dai cassonetti disposti lungo le vie cittadine alle discariche. È dotato di meccanismi atti a sollevare i cassonetti, vuotarli e compattarne il contenuto.;enciclopedia treccani;attrezzatura;;
autorizzazione unica ambientale;https://dbpedia.org/page/Category:Waste_law;;Azioni, pratiche, procedure e strategie adottate da organizzazioni per ridurre l’impatto negativo delle proprie attività sull’ambiente.;tuttoambiente.it;documento;;
autospazzatrice;https://dbpedia.org/page/Category:Waste_management;;Autoveicolo particolarmente attrezzato per la pulizia delle strade.;vocabolario treccani;attrezzatura;;
avvio a riciclo;https://dbpedia.org/page/Category:Waste_management;;conferimento dei rifiuti presso un'impianto che provvederà al loro riciclaggio o al loro recupero;;conferimento;;
batteria al piombo;https://dbpedia.org/page/Category:Artificial_objects;https://iate.europa.eu/entry/result/1156667;accumulatore i cui elementi sono composti da piastre positive (biossido di piombo (PbO2)) e negative (piombo puro spugnoso (Pb)) immerse in una soluzione di acido solforico H2SO4(elettrolito);IATE;pila;;
batteria per autoveicoli;https://dbpedia.org/page/Category:Artificial_objects;;Le batterie o gli accumulatori utilizzati per l'avviamento, l'illuminazione e l'accensione (di autoveicoli);http://data.europa.eu/eli/dir/2006/66/2018-07-04;pila;;
bene durevole;https://dbpedia.org/page/Category:Artificial_objects;https://iate.europa.eu/entry/result/819008;categoria di beni di consumo suscettibili di un uso prolungato nel tempo, riutilizzabili;IATE;oggetto;;
bene durevole dismesso;https://dbpedia.org/page/Category:Waste_management;;Ogni bene durevole rientrante nella definizione di rifuto;;"bene durevole; rifiuto ingombrante";;
bidone;https://dbpedia.org/page/Category:Waste_management;;Recipiente di metallo o plastica, in genere di forma cilindrica, usato per contenere liquidi o altri materiali;vocabolario treccani;contenitore di raccolta;;
bidone carrellato;https://dbpedia.org/page/Category:Waste_management;;Contenitore per la raccolta di rifiuti con una capienza che va dai 120 ai 360 litri, solitamente in plastica resistente. È dotato di ruote che ne facilitano lo spostamento.;;bidone;;
biodegradabile;https://dbpedia.org/page/Category:Natural_environment;https://iate.europa.eu/entry/result/806848;decomponibile da parte di agenti naturali;IATE;caratteristica;;
biodiesel;https://dbpedia.org/page/Category:Natural_environment;https://iate.europa.eu/entry/result;Carburante alternativo ottenuto da fonti rinnovabili quali olii vegetali e grassi animali, analogo al gasolio derivato dal petrolio. Può essere mescolato con il gasolio in ogni proporzione ed impiegato nei moderni motori diesel. Il biodiesel puro può essere utilizzato in qualsiasi motore diesel a petrolio, anche se viene più comunemente utilizzato in concentrazioni inferiori.;IATE;;;
biodiversità;https://dbpedia.org/page/Category:Natural_environment;https://iate.europa.eu/entry/result/781392;quantità e variabilità degli organismi viventi entro le specie (diversità genetica), tra le specie e tra gli ecosistemi;IATE;;;
bioplastica;https://dbpedia.org/page/Category:Waste_management;https://iate.europa.eu/entry/result/878080;tipo di plastica che può essere biodegradabile, a base biologica o possedere entrambe le caratteristiche, oppure, secondo altre fonti, materiale plastico, sia esso da fonti rinnovabili che di origine fossile, che ha la caratteristica di essere biodegradabile e compostabile;IATE;plastica;;
busta;https://dbpedia.org/page/Category:Artificial_objects;;Borsa da asporto con o senza manici, generalmente fornita ai consumatori nei punti vendita di merci o prodotti.;;oggetto;;
busta di carta;https://dbpedia.org/page/Category:Artificial_objects;;Borsa da asporto con o senza manici, in carta, fornita ai consumatori nei punti vendita di merci o prodotti.;;busta;;
busta di plastica;https://dbpedia.org/page/Category:Artificial_objects;https://iate.europa.eu/entry/result/932771;Borsa da asporto con o senza manici, in plastica, fornita ai consumatori nei punti vendita di merci o prodotti.;http://data.europa.eu/eli/dir/1994/62/oj;busta;;
calendario di raccolta;https://dbpedia.org/page/Category:Waste_management;;Documento informativo, spesso fornito dal comune o dal gestore, che indica le date e gli orari in cui vengono raccolti diversi tipi di rifiuti urbani oggetto di raccolta differenziata.;;documento;;
calendario di raccolta per le utenze domestiche;https://dbpedia.org/page/Category:Waste_management;;Documento informativo, spesso fornito dal comune o dal gestore, che indica le date e gli orari in cui vengono raccolti diversi tipi di rifiuti prodotti dalle utenze domestiche.;;calendario di raccolta;;
campana;https://dbpedia.org/page/Category:Waste_management;https://iate.europa.eu/entry/result/1390545;Contenitore stradale a forma di campana, destinato alla raccolta del vetro.;;cassonetto;;
capitolato speciale di appalto del servizio di igiene urbana;https://dbpedia.org/page/Category:Waste_law;;Il capitolato speciale d'appalto del servizio integrato di gestione dei rifiuti urbani;;documento;;
carico di rifiuti;https://dbpedia.org/page/Category:Waste_management;;Operazione durante la quale i rifiuti vengono caricati su un camion destinato al loro trasporto;;raccolta dei rifiuti urbani;;
carta dei servizi di gestione dei rifiuti;https://dbpedia.org/page/Category:Waste_law;;è il documento, redatto in conformità alla normativa in vigore, in cui sono specificati gli obblighi e i livelli di qualità attesi per i servizi erogati e le loro modalità di fruizione, incluse le regole di relazione tra utenti e gestore del servizio di gestione dei rifiuti urbani.;TQRIF;documento;;
carta e cartone;https://dbpedia.org/page/Category:Waste_management;;rifiuti urbani di carta e cartone;;"rifiuto differenziato; rifiuto non pericoloso";;
cassone scarrabile;https://dbpedia.org/page/Category:Waste_management;;Container per i rifiuti che può essere agganciato a un camion o ad un autocarro;;contenitore di raccolta;;
cassonetto;https://dbpedia.org/page/Category:Waste_management;https://iate.europa.eu/entry/result/1108186;Contenitore, generalmente di lamiera zincata o di plastica e munito di ruote, posto in alcune città ai lati delle strade per la raccolta dei rifiuti solidi urbani;vocabolario treccani;contenitore di raccolta;;
cassonetto abiti usati;https://dbpedia.org/page/Category:Waste_management;;Contenitore stradale destinato alla raccolta di abiti usati;;cassonetto;;
cassonetto per pannolini pannoloni e traverse;https://dbpedia.org/page/Category:Waste_management;;Contenitore stradale destinato alla raccolta di pannolini, pannoloni e traverse;;cassonetto;;
catalogo europeo dei rifiuti;https://dbpedia.org/page/Category:Waste_law;https://iate.europa.eu/entry/result/884288;elenco armonizzato, non esaustivo, di rifiuti, destinato a essere una nomenclatura di riferimento con una terminologia comune per tutta la Comunità allo scopo di migliorare tutte le attività connesse alla gestione dei rifiuti;IATE;documento;;
centro di raccolta;https://dbpedia.org/page/Category:Waste_management;https://iate.europa.eu/entry/result/3504747;Area presidiata ed allestita, senza nuovi o maggiori oneri a carico della finanza pubblica, per l'attività di raccolta mediante raggruppamento differenziato dei rifiuti urbani per frazioni omogenee conferiti dai detentori per il trasporto agli impianti di recupero e trattamento. La disciplina dei centri di raccolta è data con decreto del Ministro dell'ambiente e della tutela del territorio e del mare, sentita la Conferenza unificata, di cui al decreto legislativo 28 agosto 1997, n. 281.;"https://www.normattiva.it/uri-res/N2Ls?urn:nir:stato:decreto.legislativo:2006-04-03;152";"impianto di stoccaggio; punto di conferimento";;
centro di raccolta intercomunale;https://dbpedia.org/page/Category:Waste_management;;Centro di raccolta condiviso da più comuni;;centro di raccolta;;
centro di raccolta mobile;https://dbpedia.org/page/Category:Waste_management;https://iate.europa.eu/entry/result/1230576;centri di raccolta a carattere temporaneo, costituiti da piccoli furgoni che alcuni comuni posizionano, in determinati orari ed in determinati giorni della settimana, in luoghi prestabiliti.;wikipedia;centro di raccolta;;
cernire;https://dbpedia.org/page/Category:Waste_management;;Separare, distinguere cose diverse o di qualità diversa;vocabolario treccani;;;
cernita dei rifiuti;https://dbpedia.org/page/Category:Waste_management;https://iate.europa.eu/entry/result/1108207;"Scelta; l’azione del separare cose diverse: fare una c. accurata; c. dei rifiuti.";vocabolario treccani;recupero;;
cestino;https://dbpedia.org/page/Category:Waste_management;https://iate.europa.eu/search/result;"Piccolo cesto; in partic., quello, di forma per lo più cilindrica, nel quale si gettano i rifiuti.";vocabolario treccani;contenitore di raccolta;;
ciclo dei rifiuti;https://dbpedia.org/page/Category:Waste_management;;L'insieme delle fasi che i rifiuti attraversano dalla produzione fino allo smaltimento o al riciclo;;;;
ciclo dei rifiuti urbani;https://dbpedia.org/page/Category:Waste_management;;L'insieme delle fasi che i rifiuti urbani attraversano dalla produzione fino allo smaltimento o al riciclo;;ciclo dei rifiuti;;
cittadino conferitore;https://dbpedia.org/page/Category:Waste_management;;La persona fisica che conferisce i propti rifiuti;;;;
codice del catalogo europeo dei rifiuti;https://dbpedia.org/page/Category:Waste_management;;Sequenza numerica, composte da 6 cifre riunite in coppie, volte ad identificare un rifiuto, di norma, in base al processo produttivo da cui è originato. Il primo gruppo identifica il capitolo, mentre il secondo usualmente il processo produttivo. I codici CER si dividono in non pericolosi e pericolosi, i secondi vengono identificati con un asterisco “*” dopo le cifre.;arpalombardia.it;;;
coefficiente di adattamento per superficie;https://dbpedia.org/page/Category:Waste_law;;coefficiente per il calcolo della tassa rifiuti che tiene conto della reale distribuzione delle superfici degli immobili in funzione del numero di componenti del nucleo familiare costituente la singola utenza;;;coefficienti per la determinazione della parte fissa e parte variabile;
coefficiente potenziale di produzione;https://dbpedia.org/page/Category:Waste_law;;coefficiente per il calcolo della tassa rifiuti che tiene conto della quantità potenziale di produzione di rifiuto connesso alla tipologia di attività;;;coefficienti per la determinazione della parte fissa e parte variabile;
coefficiente proporzionale di produttività;https://dbpedia.org/page/Category:Waste_law;;coefficiente per il calcolo della tassa rifiuti che tiene conto del numero di componenti del nucleo familiare costituente la singola utenza;;;coefficienti per la determinazione della parte fissa e parte variabile;
coefficienti per la determinazione della parte fissa e parte variabile;https://dbpedia.org/page/Category:Waste_law;;"Tutti i coefficienti necessari al calcolo della tassa rifiuti: ka; kb; kc e kd";;;tassa rifiuti;
combustione;https://dbpedia.org/page/Category:Natural_environment;;Atto del bruciare | incendio;vocabolario De Mauro;smaltimento;;
combustione all'aperto;https://dbpedia.org/page/Category:Waste_management;;la combustione di piccoli cumuli di materiali vegetali in quantità giornaliere non superiori a tre metri steri per ettaro.;;smaltimento dei rifiuti urbani;;
compattatore;https://dbpedia.org/page/Category:Waste_management;;Qualunque apparecchiatura o impianto che abbia la funzione di compattare, cioè di pressare fino a rendere di piccole dimensioni, materiali dispersi di grande volume (per es., rifiuti solidi);vocabolario treccani;attrezzatura;;
compattatore mangiaplastica;https://dbpedia.org/page/Category:Waste_management;;un macchinario per la raccolta differenziata di bottiglie per bevande in Pet, in grado di riconoscere in modo selettivo questo tipo di bottiglie e di ridurne il volume favorendone il riciclo.;Ministero dell'Ambiente e della Sicurezza Energetica;compattatore;;
componente rimosso da apparecchiatura fuori uso;https://dbpedia.org/page/Category:Waste_management;;componenti, sottoinsiemi e ma teriali di consumo rimossi da apparecchiature elettriche o elettroniche che sono rifiuti ai sensi dell'articolo 3, paragrafo 1, della direttiva 2008/98/CE;;rifiuto speciale;;
compostabile;https://dbpedia.org/page/Category:Waste_management;https://iate.europa.eu/entry/result/3587141;(di un materiale) che, in seguito a degradazione, naturale o industriale, può essere trasformato in una sostanza simile al terriccio (compost), che viene generalmente utilizzata per la concimazione in agricoltura o per il rinvaso di fiori e piante;IATE;biodegradabile;;
compostaggio;https://dbpedia.org/page/Category:Waste_management;https://iate.europa.eu/entry/result/1408283;decomposizione di rifiuti organici per via fermentativa in modo da formare una miscele usata come fertilizzante o ammendante dei terreni agricoli;IATE;riciclaggio/recupero delle sostanze organiche non utilizzate come solventi;;
compostaggio domestico;https://dbpedia.org/page/Category:Waste_management;https://iate.europa.eu/entry/result/3581883;processo biologico di decomposizione di sostanze organiche, come scarti di cucina, sfalci e potature, effettuato in ambito domestico;IATE;"recupero dei rifiuti biodegradabili di cucine e mense; compostaggio";;
compostiera;https://dbpedia.org/page/Category:Waste_management;;impianto per la produzione di compost a partire dalla frazione organica dei rifiuti solidi urbani.;wikipedia;attrezzatura;;
compostiera domestica;https://dbpedia.org/page/Category:Waste_management;;impianto domestico per la produzione di compost a partire dalla frazione organica dei rifiuti solidi urbani.;wikipedia;compostiera;;
conferibile;https://dbpedia.org/page/Category:Waste_management;;Rifiuto che può essere conferito in una determinata modalità;;caratteristica;;
conferimento;https://dbpedia.org/page/Category:Waste_management;;Consegna dei rifiuti da parte del produttore al circuito di raccolta.;;;;
conferimento dei rifiuti speciali;https://dbpedia.org/page/Category:Waste_management;;Consegna dei rifiuti speciali da parte del produttore al circuito di raccolta.;;conferimento;;
conferimento diretto;https://dbpedia.org/page/Category:Waste_management;;Conferimento dei rifiuti al centro di raccolta;;conferimento;;
conferimento errato;https://dbpedia.org/page/Category:Waste_management;;Conferimento che non è stato effettuato secondo le modalità previste;;conferimento;;
conferimento fuori porta;https://dbpedia.org/page/Category:Waste_management;;Conferimento dei rifiuti davanti alla propria abitazione;;conferimento;;
conferire;https://dbpedia.org/page/Category:Waste_management;;Consegnare i rifiuti al circuito di raccolta.;;;;
conferire direttamente;https://dbpedia.org/page/Category:Waste_management;;Conferire i rifiuti al centro di raccolta.;;conferire;;
conferire fuori porta;https://dbpedia.org/page/Category:Waste_management;;Conferire i rifiuti davanti alla propria abitazione;;conferire;;
conferito;https://dbpedia.org/page/Category:Waste_management;;Rifiuto che è stato consegnato al circuito di raccolta;;caratteristica;;
conferitore;https://dbpedia.org/page/Category:Waste_management;;Colui che consegna il rifiuto al centro di raccolta;;;;
contenitore di raccolta;https://dbpedia.org/page/Category:Waste_management;;Contenitore (cassonetto, cestino o bidone) destinato  alla raccolta di una frazione di rifiuti differenziati;;"punto di conferimento; attrezzatura";;
contenitore di raccolta di batterie e accumulatori;https://dbpedia.org/page/Category:Waste_management;;Cestino destinato alla raccolta di batterie e accumulatori;;contenitore di raccolta;;
contenitore di raccolta di oli e grassi commestibili;https://dbpedia.org/page/Category:Waste_management;;Contenitore destinato alla raccolta di oli e grassi commestibili;;contenitore di raccolta;;
contenitore di sostanze pericolose;https://dbpedia.org/page/Category:Artificial_objects;;Contenitore che contiene o conteneva una sostanza pericolosa;;oggetto;;
contenitore etichettato f;https://dbpedia.org/page/Category:Artificial_objects;;Contenitore che contiene o conteneva una sostanza infiammabile;;contenitore di sostanze pericolose;;
contenitore etichettato t;https://dbpedia.org/page/Category:Artificial_objects;;Contenitore che contiene o conteneva una sostanza tossica;;contenitore di sostanze pericolose;;
contenitore etichettato t e f;https://dbpedia.org/page/Category:Artificial_objects;;Contenitore che contiene o conteneva una sostanza tossica e infiammabile;;contenitore di sostanze pericolose;;
contenitore etichettato t f e x;https://dbpedia.org/page/Category:Artificial_objects;;Contenitore che contiene o conteneva una sostanza tossica, infiammabile e corrosiva;;contenitore di sostanze pericolose;;
contenitore farmaci scaduti;https://dbpedia.org/page/Category:Artificial_objects;;Cestino destinato alla raccolta di medicinali;;cestino;;
corrosivo;https://dbpedia.org/page/Category:Waste_management;;Sostanze e preparati che, a contatto con tessuti vivi, possono esercitare su di essi un’azione distruttiva.;http://data.europa.eu/eli/dir/1994/62/oj;pericoloso;;
costi di gestione del servizio di gestione dei rifiuti;https://dbpedia.org/page/Category:Waste_law;;Costi generali di gestione relativi sia al personale non direttamente impiegato nelle attività operative del servizio integrato di gestione dei RU, sia, in generale, la quota parte dei costi di struttura.;MTR2;;piano economico finanziario della gestione dei rifiuti;
costi di smaltimento;https://dbpedia.org/page/Category:Waste_law;;I costi dello smaltimento dei rifiuti solidi urbani;;;costi variabili del servizio di gestione dei rifiuti;
costi variabili del servizio di gestione dei rifiuti;https://dbpedia.org/page/Category:Waste_law;;I costi destinati alla copertura del servizio di raccolta, trasporto e smaltimento dei rifiuti prodotti, quindi direttamente proporzionali alla potenziale produzione di rifiuti da parte delle diverse categorie di utenza domestica e non domestica;finanze.gov.it;;piano economico finanziario della gestione dei rifiuti;
criterio di assimilabilità dei rifiuti speciali non pericolosi ai rifiuti urbani;https://dbpedia.org/page/Category:Waste_law;;Criterio secondo il quale è possibile trattare i rifiuti speciali negli impianti originariamente progettati per il trattamento di rifiuti urbani.;;;;
degrado estetico;https://dbpedia.org/page/Category:Natural_environment;;Deterioramento della qualità visiva o del valore estetico di un ambiente, un'opera, o un oggetto;;;;
delibera arera;https://dbpedia.org/page/Category:Waste_law;;Delibera emessa da ARERA;;documento;;
deposito temporaneo;https://dbpedia.org/page/Category:Waste_management;https://iate.europa.eu/entry/result/3506757;Il raggruppamento dei rifiuti ai fini del trasporto degli stessi in un impianto di recupero e/o smaltimento, effettuato, prima della raccolta ai sensi dell'articolo 185-bis.;"https://www.normattiva.it/uri-res/N2Ls?urn:nir:stato:decreto.legislativo:2006-04-03;152";raccolta;;
deposito temporaneo dei rifiuti urbani;https://dbpedia.org/page/Category:Waste_management;;;;deposito temporaneo;;
deposito temporaneo dei rifiuti urbani non differenziabili;https://dbpedia.org/page/Category:Waste_management;;;;deposito temporaneo dei rifiuti urbani;;
dichiarazione di cessazione del servizio;https://dbpedia.org/page/Category:Waste_law;;la dichiarazione TARI o la denuncia di cessazione dell’utenza effettuata in regime di tariffa corrispettiva.;TQRIF;dichiarazione tari;;
dichiarazione tari;https://dbpedia.org/page/Category:Waste_law;;Comprende la richiesta di attivazione del servizio, la richiesta di variazione del servizio e la richiesta di cessazione del servizio.;;documento;;
differenziabile;https://dbpedia.org/page/Category:Waste_management;;Rifiuto che è oggetto di raccolta differenziata.;;caratteristica;;
differenziare;https://dbpedia.org/page/Category:Waste_management;;Raccogliere i rifiuti tenendo separate frazioni merceologiche diverse.;;;;
differenziato;https://dbpedia.org/page/Category:Waste_management;;Rifiuto costituito da una frazione merceologica omogenea.;;caratteristica;;
discarica;https://dbpedia.org/page/Category:Waste_management;https://iate.europa.eu/entry/result/886662;area di smaltimento dei rifiuti adibita al deposito degli stessi sulla o nella terra;IATE;impianto finale di smaltimento;;
disciplina dei centri di raccolta;https://dbpedia.org/page/Category:Waste_law;;Insieme di norme che regolano le attività dei centri di raccolta.;;documento;;
documento di riscossione;https://dbpedia.org/page/Category:Waste_law;https://iate.europa.eu/entry/result/1618258;è l’avviso o invito di pagamento, oppure la fattura, trasmesso/a all’utente del servizio integrato di gestione dei rifiuti urbani, ovvero dei singoli servizi che lo compongono.;TQRIF;documento;;
ecodizionario;https://dbpedia.org/page/Category:Waste_management;;Tabella costituita da un'elenco di oggetti che possono divenrìtare rifiuti che indica dove conferire tali oggetti.;;documento;;
ecosostenibile;https://dbpedia.org/page/Category:Natural_environment;https://iate.europa.eu/entry/result/3577083;aggettivo che qualifica un manufatto (costruzione, edificio, installazione ecc.), o una forma di sviluppo, compatibile con le esigenze dell’ecologia;IATE;;;
ecovigilanza;https://dbpedia.org/page/Category:Environmental_law;;attività di monitoraggio e controllo volta a prevenire e ridurre l'inquinamento e i comportamenti dannosi per l'ambiente. Si occupa di verificare il rispetto delle norme ambientali e sui rifiuti.;;vigilanza igienico-sanitaria;;
emissione;https://dbpedia.org/page/Category:Natural_environment;https://iate.europa.eu/entry/result/2246215;scarico diretto o indiretto, da fonti puntiformi o diffuse dell’installazione, di sostanze, vibrazioni, calore o rumore nell’aria, nell’acqua o nel terreno;IATE;;;
energia pulita;https://dbpedia.org/page/Category:Natural_environment;https://iate.europa.eu/entry/result/3510902;Energia che può essere prodotta senza generare alcuna forma di inquinamento;;;;
fauna;https://dbpedia.org/page/Category:Natural_environment;https://iate.europa.eu/entry/result/1113861;Il complesso delle specie animali che popolano una determinata area;enciclopedia treccani;;;
ferro;https://dbpedia.org/page/Category:Materials;https://iate.europa.eu/entry/result/1104628;elemento chimico con numero atomico 26;IATE;materiale;;
filiera per la raccolta ed il trattamento dei rifiuti;https://dbpedia.org/page/Category:Waste_management;;Insieme di processi e attori coinvolti nella gestione di una determinata frazione merceologica, dalla loro raccolta fino al trattamento finale.;;;;
formulario di identificazione del rifiuto;https://dbpedia.org/page/Category:Waste_law;;Documento di accompagnamento per il trasporto dei rifiuti, contenente tutte le informazioni relative alla tipologia del rifiuto, al produttore, al trasportatore ed al destinatario;cnr.it;documento;;
frazione mercelogica valorizzabile economicamente;https://dbpedia.org/page/Category:Waste_management;;Frazione merceologica dei rifiuti da cui è possibile ottenere ricavi economici;;frazione merceologica;;
frazione merceologica;https://dbpedia.org/page/Category:Waste_management;;Frazione omogenea dei rifiuti derivante dalla Raccolta Differenziata;atorifiuticuneo.it;rifiuto;;
gestione ambientale;https://dbpedia.org/page/Category:Waste_law;https://iate.europa.eu/entry/result/1107689;Processo teso a limitare l'impatto sull'ambiente delle varie attività amministrative e operative svolte da un'organizzazione, senza arrecare danni o pregiudicare le varie potenzialità che l'ambiente offre alle generazioni attuali e a quelle future;IATE;;;
gestione dei rifiuti;https://dbpedia.org/page/Category:Waste_management;https://iate.europa.eu/entry/result/1427050;La raccolta, il trasporto, il recupero e lo smaltimento dei rifiuti, compresi la supervisione di tali operazioni e gli interventi successivi alla chiusura dei siti di smaltimento nonché le operazioni effettuate in qualità di commercianti o intermediari.;http://data.europa.eu/eli/dir/2008/98/oj;;;
gestione dei rifiuti urbani;https://dbpedia.org/page/Category:Waste_management;;La raccolta, il trasporto, il recupero e lo smaltimento dei rifiuti urbani, compresi la supervisione di tali operazioni e gli interventi successivi alla chiusura dei siti di smaltimento nonché le operazioni effettuate in qualità di commercianti o intermediari.;;gestione dei rifiuti;;
gestione del centro di raccolta;https://dbpedia.org/page/Category:Waste_management;;Insieme delle attività necessarie per il corretto funzionamento del centro di raccolta;;;gestione del servizio di raccolta;
gestione del servizio di raccolta;https://dbpedia.org/page/Category:Waste_management;;La gestione delle operazioni di raccolta e trasporto dei rifiuti urbani;;;gestione integrata dei rifiuti urbani;
gestione del servizio di raccolta dei rifiuti domestici;https://dbpedia.org/page/Category:Waste_management;;La gestione delle operazioni di raccolta e trasporto dei rifiuti domestici;;;gestione del servizio di raccolta;
gestione integrata dei rifiuti urbani;https://dbpedia.org/page/Category:Waste_management;;"comprende il complesso delle attività volte ad ottimizzare la gestione dei rifiuti urbani (indipendentemente dalla classificazione che assumono durante il loro percorso) vale a dire: l’attività di raccolta e trasporto; l’attività di trattamento e smaltimento; l’attività di trattamento e recupero; l’attività di spazzamento e lavaggio delle strade, nonché l’attività di gestione tariffe e rapporto con gli utenti.";TQRIF;;gestione ambientale;
gestione tariffe e rapporto con gli utenti;https://dbpedia.org/page/Category:Waste_law;;"comprende le operazioni di:
i) accertamento, riscossione (incluse le attività di bollettazione e l’invio degli avvisi di pagamento ovvero l’attività di fatturazione);
ii) gestione del rapporto con gli utenti (inclusa la gestione reclami) anche mediante sportelli dedicati o call-center;
iii) gestione della banca dati degli utenti e delle utenze, dei crediti e del contenzioso;
iv) promozione di campagne ambientali;
v) prevenzione della produzione di rifiuti urbani.";TQRIF;;gestione integrata dei rifiuti urbani;
gestore;https://dbpedia.org/page/Category:Waste_management;https://iate.europa.eu/entry/result/877542;è il soggetto che eroga il servizio integrato di gestione dei rifiuti urbani, ovvero i singoli servizi che lo compongono, ivi inclusi i Comuni che gestiscono in economia. Non sono considerati gestori i meri prestatori d’opera, ossia i soggetti come individuati dall’Ente territorialmente competente che, secondo la normativa di settore, sono stabilmente esclusi dall’obbligo di predisporre il Piano Economico Finanziario.;TQRIF;;;
gestore del centro di raccolta;https://dbpedia.org/page/Category:Waste_management;;Il soggetto che gestisce il centro di raccolta;;gestore;;
gestore del pronto intervento;https://dbpedia.org/page/Category:Waste_management;;Il soggetto che gestisce le attività di pronto intervento;;gestore;;
gestore della raccolta e trasporto;https://dbpedia.org/page/Category:Waste_management;;è il soggetto che eroga il servizio di raccolta e trasporto, ivi incluso il Comune che gestisce il suddetto servizio in economia.;TQRIF;gestore;;
gestore dello spazzamento e lavaggio;https://dbpedia.org/page/Category:Waste_management;;è il soggetto che eroga il servizio di spazzamento e lavaggio delle strade, ivi incluso il Comune che gestisce il suddetto servizio in economia.;TQRIF;gestore;;
grande utenza;https://dbpedia.org/page/Category:Waste_law;;Utenza non domestica che produce un grande quantitativo di rifiuti, tale da necessitare un trattamento diverso dalle alltre utenze non domestiche.;;utenza non domestica;;
grandi bianchi;https://dbpedia.org/page/Category:Waste_management;;Raggruppamento di RAEE costituito da lavatrici, lavastoviglie, apparecchi di cottura, stufe elettriche, piastre riscaldanti elettriche.;;raee ingombrante;;
green;https://dbpedia.org/page/Category:Natural_environment;;Verde, ecologico, rispettoso dell’ambiente;Neologismi treccani;;;
guida al conferimento;https://dbpedia.org/page/Category:Waste_management;;Documento che fornisce istruzioni o indicazioni su come smaltire correttamente i rifiuti.;;documento;;
igiene urbana;https://dbpedia.org/page/Category:Natural_environment;;Stato di pulizia, ordine e manutenzione dell'ambiente urbano;;;;
imballaggio;https://dbpedia.org/page/Category:Artificial_objects;https://iate.europa.eu/entry/result/1443610;Tutti i prodotti composti di materiali di qualsiasi natura, adibiti a contenere e a proteggere determinate merci, dalle materie prime ai prodotti finiti, a consentire la loro manipolazione e la loro consegna dal produttore al consumatore o all'utilizzatore, e ad assicurare la loro presentazione. Anche tutti gli articoli «a perdere» usati allo stesso scopo devono essere considerati imballaggi.;http://data.europa.eu/eli/dir/1994/62/oj;oggetto;;
imballaggio di carta e cartone;https://dbpedia.org/page/Category:Artificial_objects;;Imballaggio realizzato in carta e/o cartone;;imballaggio;;
imballaggio di plastica;https://dbpedia.org/page/Category:Artificial_objects;;Imballaggio realizzato in plastica;;imballaggio;;
imballaggio di vetro;https://dbpedia.org/page/Category:Artificial_objects;;Imballaggio realizzato in vetro;;imballaggio;;
imballaggio in legno;https://dbpedia.org/page/Category:Artificial_objects;;Imballaggio realizzato in legno;;imballaggio;;
imballaggio in materiale misto;https://dbpedia.org/page/Category:Artificial_objects;;involucro costituito da due o più materiali differenti, separabili in varie componenti;imballaggi-2000.com;imballaggio;;
imballaggio metallico;https://dbpedia.org/page/Category:Artificial_objects;;Imballaggio realizzato in metallo;;imballaggio;;
imballaggio secondario;https://dbpedia.org/page/Category:Artificial_objects;;Imballaggio concepito in modo da costituire, nel punto di vendita, il raggruppamento di un certo numero di unità di vendita indipendentemente dal fatto che sia venduto come tale all'utente finale o al consumatore, o che serva soltanto a facilitare il rifornimento degli scaffali nel punto di vendita. Esso può essere rimosso dal prodotto senza alterarne le caratteristiche.;http://data.europa.eu/eli/dir/1994/62/oj;imballaggio;;
impatto inquinante;https://dbpedia.org/page/Category:Natural_environment;;Effetto negativo che una sostanza, attività o processo ha sull'ambiente naturale e sulla salute umana a causa del rilascio di agenti inquinanti.;;;;
impianto di compostaggio;https://dbpedia.org/page/Category:Waste_management;https://iate.europa.eu/entry/result/1390574;Struttura che tratta i rifiuti biodegradabili per trasformarli in compost.;;impianto di trattamento;;
impianto di frantumazione;https://dbpedia.org/page/Category:Waste_management;;Struttura presso la quali i rifiuti inerti sono ridotti in piccoli pezzi, al fine di renderli riutilizzabili per la produzione di nuovi materiali, solitamente da costruzione;;impianto finale;;
impianto di smaltimento;https://dbpedia.org/page/Category:Waste_management;https://iate.europa.eu/entry/result/132403;Impianto che effettua una o più operazioni di smaltimento elencate nell'allegato B del D.Lgs.152/06;;impianto di trattamento;;
impianto di stoccaggio;https://dbpedia.org/page/Category:Waste_management;;Impianto presso il quale i rifiuti vengono stoccati per poi essere trasferiti agli impianti di recupero o smaltimento.;;impianto intermedio;;
impianto di trattamento;https://dbpedia.org/page/Category:Waste_management;https://iate.europa.eu/entry/result/1427077;Struttura in cui i rifiuti vengono trattati per essere riutilizzabili o eliminati in modo sicuro;IATE;;;
impianto finale;https://dbpedia.org/page/Category:Waste_management;;Impianto presso il quale i rifiuti terminano il loro ciclo venendo definitivamente recuperati o smaltiti. Tale impianto effettua una o più operazioni di smaltimento da D1 a D7, da D 10 a D12 e di recupero da R1 a R11;;impianto di trattamento;;
impianto finale di smaltimento;https://dbpedia.org/page/Category:Waste_management;;Impianto presso il quale i rifiuti terminano il loro ciclo venendo definitivamente smaltiti. Tale impianto effettua una o più operazioni di smaltimento da D1 a D12;;"impianto finale; impianto di smaltimento";;
impianto intermedio;https://dbpedia.org/page/Category:Waste_management;;Impianto presso il quale i rifiuti vengono trattati per essere poi trasportati ad un altro impianto.;;impianto di trattamento;;
impianto intermedio di smaltimento;https://dbpedia.org/page/Category:Waste_management;;Impianto che effettua una o più operazioni di smaltimento elencate alle voci D 8, D 9, D 13, D 14 o D 15 dell’allegato I della direttiva 2008/98/CE;;"impianto intermedio; impianto di smaltimento";;
indifferenziato;https://dbpedia.org/page/Category:Waste_management;;Rifiuto che non è costituito da una frazione merceologica omogenea.;;caratteristica;;
infiammabile;https://dbpedia.org/page/Category:Waste_management;https://iate.europa.eu/entry/result/1045471;Sostanze e preparati liquidi il cui punto di infiammabilità è pari o superiore a 21 °C e inferiore o pari a 55 °C.;http://data.europa.eu/eli/dir/1994/62/oj;pericoloso;;
interruzione programmata del servizio;https://dbpedia.org/page/Category:Waste_management;;è il servizio non effettuato puntualmente;TQRIF;;gestione integrata dei rifiuti urbani;
lampada a vapori di sodio;https://dbpedia.org/page/Category:Artificial_objects;;Lampada che utilizza lo scarico dei vapori di sodio per produrre una fonte di luce elettrica di luce visibile;;lampadina;;
lampada fluorescente;https://dbpedia.org/page/Category:Artificial_objects;;lampada a scarica in cui l'emissione luminosa è indiretta;;lampadina;;
lampadina;https://dbpedia.org/page/Category:Artificial_objects;;lampada elettrica a incandescenza di potenza relativamente bassa, destinata all’illuminazione di ambienti non grandi (abitazioni private, ecc.);vocabolario treccani;oggetto;;
latta;https://dbpedia.org/page/Category:Materials;https://iate.europa.eu/entry/result/142045;Lamierino di ferro dolce stagnato da ambo le parti, in cui si accoppiano la resistenza meccanica del metallo di base con la resistenza dello stagno all’azione corrosiva esercitata dagli agenti atmosferici.;enciclopedia treccani;;;
lattina;https://dbpedia.org/page/Category:Artificial_objects;https://iate.europa.eu/entry/result/1479297;Piccolo recipiente di latta, di forma parallelepipeda o cilindrica (in forma cioè di barattolo a chiusura ermetica), usato per contenere sostanze liquide;vocabolario treccani;oggetto;;
lavaggio;https://dbpedia.org/page/Category:Waste_management;;Operazione di pulizia delle strade tramite l'impiego di acqua ad alta pressione e, talvolta, di detergenti e altri prodotti chimici.;;spazzamento e lavaggio;;
legno non trattato;https://dbpedia.org/page/Category:Materials;;Legno proveniente da foreste o piantagioni, che non ha subito alcuna lavorazione o trattamento.;consulenteambientale.it;materiale;;
limite graduale di crescita tariffaria;https://dbpedia.org/page/Category:Waste_law;;Limite di incremento della tassa rifiuti stabilito da ARERA;;;;
limite quantitativo di conferimento;https://dbpedia.org/page/Category:Waste_law;;Quantità massima di una frazione di rifiuto che può essere conferita presso il centro di raccolta.;;;;
manutenzione del verde;https://dbpedia.org/page/Category:Natural_environment;;Insieme delle attività necessarie a mantenere in buone condizioni le aree verdi, come giardini, parchi, aiuole, prati e aree forestali.;;attività esterna al ciclo integrato dei RU;;
mastello;https://dbpedia.org/page/Category:Waste_management;;Pattumiera di piccole dimensioni (circa 7-10 litri), di forma tronco-piramidale e munita di coperchio e di manico. È spesso usata perm la raccolta dei rifiuti biodegradabili.;;attrezzatura;;
mastello areato;https://dbpedia.org/page/Category:Waste_management;;Mastello con le pareti forate, per una migliore areazione.;;mastello;;
metodo tariffario rifiuti;https://dbpedia.org/page/Category:Waste_law;;l’Allegato A alla deliberazione 31 ottobre 2019, 443/2019/R/RIF, recante “Definizione dei criteri di riconoscimento dei costi efficienti di esercizio e di investimento del servizio integrato dei rifiuti, per il periodo 2018-2021”, come successivamente modificato e integrato.;MTR2;;gestione tariffe e rapporto con gli utenti;
metodo tariffario rifiuti 2;https://dbpedia.org/page/Category:Waste_law;;è il Metodo tariffario del servizio integrato di gestione dei rifiuti per il periodo 2022-2025, approvato con deliberazione 3 agosto 2021, 363/2021/R/RIF.;TQRIF;;gestione tariffe e rapporto con gli utenti;
microdiscarica;https://dbpedia.org/page/Category:Waste_management;;Insieme di rifiuti abbandonati nella stessa area pubblica o privata.;;rifiuto;;
microplastica;https://dbpedia.org/page/Category:Artificial_objects;https://iate.europa.eu/entry/result/3568206;particelle di materie plastiche, prodotte direttamente o indirettamente dall'uomo, le cui dimensioni sono state convenzionalmente fissate dall'Autorità europea per la sicurezza alimentare [ IATE:915822 ] tra 0,1 e 5000 micrometri;IATE;sostanza inquinante;;
misura di gestione ambientale;https://dbpedia.org/page/Category:Environmental_law;;Azioni, pratiche, procedure e strategie adottate da organizzazioni per ridurre l’impatto negativo delle proprie attività sull’ambiente.;;gestione ambientale;;
modalità di raccolta;https://dbpedia.org/page/Category:Waste_management;;Insieme delle disposizioni che regolano la raccolta dei rifiuti urbani;;;;
modulo reclami;https://dbpedia.org/page/Category:Waste_law;;Modulo predisposto dal gestore attraverso cui l'utente può presentare un reclamo per disservizio;;documento;;
modulo segnalazione  reclamo  suggerimento;https://dbpedia.org/page/Category:Waste_law;;Modulo predisposto dal gestore attraverso cui l'utente può effettuare una segnalazione, presentare un reclamo per disservizio o presentare un suggerimento;;documento;;
multimateriale;https://dbpedia.org/page/Category:Waste_management;;raccolta congiunta di rifiuti di imballaggio di diversi materiali, solitamente vetro/plastica/metallo;lexambiente.it;"rifiuto differenziato; rifiuto non pericoloso";;
non conferibile;https://dbpedia.org/page/Category:Waste_management;;Rifiuto che non può essere conferito in una determinata modalità;;caratteristica;;
non differenziabile;https://dbpedia.org/page/Category:Waste_management;;Rifiuto che non è oggetto di raccolta differenziata.;;caratteristica;;
non pericoloso;https://dbpedia.org/page/Category:Waste_management;https://iate.europa.eu/entry/result/911204;rifiuto che non presenta le caratteristiche di pericolosità dei rifiuti pericolosi;IATE;caratteristica;;
non putrescibile;https://dbpedia.org/page/Category:Waste_management;;materiale che non si decompone aerobicamente o anaerobicamente;;caratteristica;;
non riciclabile;https://dbpedia.org/page/Category:Waste_management;;che non può essere soggetto al recupero di materiali.;;caratteristica;;
oli e grassi commestibili;https://dbpedia.org/page/Category:Waste_management;;Oli e i grassi di frittura esausti provenienti da abitazioni, attività di ristorazione e industrie per la trasformazione degli alimenti;arpa.veneto.it;"rifiuto differenziato; rifiuto non pericoloso";;
olio minerale usato;https://dbpedia.org/page/Category:Waste_management;;Qualsiasi olio industriale o lubrificante, a base minerale o sintetica, divenuto improprio all'uso cui ero inizialmente destinato, in particolare gli oli usati dei motori a combustione e dei sistemi di trasmissione, nonché gli oli minerali per macchinari, turbine o comandi idraulici e quelli contenuti nei filtri usati.;"https://www.normattiva.it/uri-res/N2Ls?urn:nir:stato:decreto.legislativo:1992-01-27;95#";"rifiuto differenziato; rifiuto urbano pericoloso";;
operatore del centro di raccolta;https://dbpedia.org/page/Category:Waste_management;;Figura professionale che lavora all'interno di un centro di raccolta rifiuti.;;operatore ecologico;;
operatore di pronto intervento;https://dbpedia.org/page/Category:Waste_management;;Figura professionale che si occupa di effettuare le operazioni di pronto intervento;;figura professionale;;
operatore ecologico;https://dbpedia.org/page/Category:Waste_management;;Figura professionale che si occupa di assicurare la pulizia di strade, parchi, piazze e altri tipi di aree pubbliche. In particolare, fra le sue mansioni rientrano la raccolta dei sacchi dei rifiuti e il riversamento dei cassonetti dell'immondizia all'interno del camion di raccolta rifiuti.;randstad.it;figura professionale;;
pannolini pannoloni e traverse;https://dbpedia.org/page/Category:Waste_management;;Materiale assorbente igienico prodotto dalle utenze domestiche, assimilabile ai rifiuti urbani.;;;rifiuto urbano residuo;
patrimonio verde;https://dbpedia.org/page/Category:Natural_environment;;Insieme delle aree verdi, come giardini, parchi, aiuole, prati e aree forestali.;;;;
percentuale di raccolta differenziata;https://dbpedia.org/page/Category:Waste_management;;Quantità di rifiuti oggetto di raccolta differenziata sul totale dei rifiuti urbani raccolti;;performance ambientale;;
performance ambientale;https://dbpedia.org/page/Category:Environmental_law;https://iate.europa.eu/entry/result/3533280;quantificazione del rendimento, in termini di impatto ambientale, di un prodotto, servizio od organizzazione;IATE;;;
pericoloso;https://dbpedia.org/page/Category:Waste_management;https://iate.europa.eu/entry/result/1427310;rifiuto che presenta una o più caratteristiche pericolose di cui all’allegato III;IATE;caratteristica;;
piano di raccolta differenziata;https://dbpedia.org/page/Category:Waste_law;;Ordinanza che definisce le modalità di raccolta dei rifiuti urbani.;;documento;;
piano economico finanziario della gestione dei rifiuti;https://dbpedia.org/page/Category:Waste_law;;è il Piano Economico Finanziario, che prevede, con cadenza annuale, l’andamento dei costi di gestione e di investimento, nonché la previsione annuale dei proventi da tariffa. Il PEF si compone del piano tariffario, del conto economico e del rendiconto finanziario. Il PEF è sviluppato per un orizzonte temporale quadriennale (coincidente con la durata del secondo periodo regolatorio) ai fini della determinazione delle entrate tariffarie di riferimento, mentre è sviluppato limitatamente al biennio 2024-2025 ai fini della definizione delle tariffe di accesso agli impianti di chiusura del ciclo “minimi”, ovvero agli impianti “intermedi” da cui provengano flussi indicati come in ingresso a impianti di chiusura del ciclo “minimi”.;MTR2;documento;;
piano tariffario;https://dbpedia.org/page/Category:Waste_law;;Delibera di approvazione delle tariffe finalizzata a ripartire i costi del servizio di gestione dei rifiuti tra gli utenti e, pertanto, a determinare le voci tariffarie da applicare alle diverse utenze;finanze.gov.it;documento;;
piattaforma di trasferenza;https://dbpedia.org/page/Category:Waste_management;;Luogo o struttura atti a ospitare provvisoriamente il transito di rifiuti solidi urbani in attesa di trasferirli in apposite discariche o in luoghi di stoccaggio e smaltimento definitivo.;Neologismi treccani;impianto di stoccaggio;;
piccoli rifiuti di apparecchiature elettriche ed elettroniche;https://dbpedia.org/page/Category:Waste_management;;Rifiuti di apparecchiature elettriche ed elettroniche di dimensioni esterne inferiori a 25 cm;http://data.europa.eu/eli/dir/2012/19/oj;rifiuti di apparecchiature elettriche ed elettroniche;;
pila;https://dbpedia.org/page/Category:Artificial_objects;https://iate.europa.eu/entry/result/1084486;una fonte di energia elettrica ottenuta mediante trasformazione diretta di energia chimica, costituita da uno o più elementi primari (non ricaricabili) o costituita da uno o più elementi secondari (ricaricabili);http://data.europa.eu/eli/dir/2006/66/2018-07-04;oggetto;;
pila portatile;https://dbpedia.org/page/Category:Artificial_objects;;"Le pile, le pile a bottone, i pacchi batteria o gli accumulatori che:
a) sono sigillati; e
b) sono trasportabili a mano; e
c) non costituiscono pile o accumulatori industriali né batterie o accumulatori per autoveicoli.";http://data.europa.eu/eli/dir/2006/66/2018-07-04;pila;;
piombo;https://dbpedia.org/page/Category:Materials;https://iate.europa.eu/entry/result/1104675;Elemento chimico metallico con numero atomico 82;IATE;"sostanza inquinante; sostanza pericolosa";;
plastica;https://dbpedia.org/page/Category:Materials;;"Il materiale costituito da un polimero quale definito all’articolo 3, punto 5), del regolamento (CE) n. 1907/2006, cui possono essere stati aggiunti additivi o altre sostanze, e che può funzionare come componente strutturale principale dei prodotti finiti, a eccezione dei polimeri naturali che non sono stati modificati chimicamente;";http://data.europa.eu/eli/dir/2019/904/oj;materiale;;
plastica mono materiale;https://dbpedia.org/page/Category:Materials;;Tipo di plastica costituita da un unico materiale;;plastica;;
plastica riciclata;https://dbpedia.org/page/Category:Materials;;Plastica ottenuta da operazioni di riciclaggio;;plastica;;
pneumatici fuori uso;https://dbpedia.org/page/Category:Waste_management;;Pneumatici, rimossi dal loro impiego a qualunque punto della loro vita, dei quali il detentore si disfi, abbia deciso o abbia l'obbligo di disfarsi, e che non sono fatti oggetto di ricostruzione o di successivo riutilizzo;"https://www.normattiva.it/uri-res/N2Ls?urn:nir:ministero.ambiente.e.tutela.territorio.e.mare:decreto:2019-11-19;182";rifiuto speciale non pericoloso;;
policaprolattone;https://dbpedia.org/page/Category:Materials;;Polimero semicristallino sintetico biodegradabile;wikipedia.it;plastica;;
polietilene;https://dbpedia.org/page/Category:Materials;https://iate.europa.eu/entry/result/1450530;fibra formata da macromolecole lineari sature di idrocarburi alifatici non sostituiti;IATE;plastica;;
polistirolo;https://dbpedia.org/page/Category:Materials;https://iate.europa.eu/entry/result/1214929;Materia plastica sintetica prodotta industrialmente per polimerizzazione dello stirene a caldo e con opportuni catalizzatori;vocabolario treccani;plastica;;
prodotto tessile;https://dbpedia.org/page/Category:Waste_management;;oggetti e materiali di cui il detentore si disfi, abbia l’intenzione o abbia l’obbligo di disfarsi costituiti da indumenti, accessori di abbigliamento, scarti e altri manufatti tessili non pericolosi;;"rifiuto differenziato; rifiuto non pericoloso";;
pulizia dei fondali;https://dbpedia.org/page/Category:Waste_management;;attività di rimozione dei rifiuti e detriti presenti sui fondali marini, lacustri o fluviali, con l’obiettivo di ripristinare e proteggere l’ecosistema acquatico;;raccolta;;
pulizia delle spiagge;https://dbpedia.org/page/Category:Waste_management;;attività di raccolta e rimozione dei rifiuti solidi che si accumulano lungo le coste, tra cui plastica, mozziconi di sigaretta, lattine, vetro, e altri materiali inquinanti.;;raccolta dei rifiuti urbani;;
punto di conferimento;https://dbpedia.org/page/Category:Waste_management;;Cestino o cassonetto destinato alla raccolta di una determinata frazione merceologica.;;;;
putrescibile;https://dbpedia.org/page/Category:Waste_management;https://iate.europa.eu/entry/result/1737888;Materiali biodegradabili a contenuto elevato di umidità, quali scarti di cibo e bucce di frutta e verdura, che si decompongono aerobicamente o anaerobicamente.;IATE;biodegradabile;;
quota fissa;https://dbpedia.org/page/Category:Waste_law;;Parte fissa della tariffa TARI, calcolata secondo il DPR 1999/158;;tassa rifiuti;;
quota variabile tari;https://dbpedia.org/page/Category:Waste_law;;Parte variabile della tariffa TARI, calcolata secondo il DPR 1999/158;;tassa rifiuti;;
raccolta;https://dbpedia.org/page/Category:Waste_management;https://iate.europa.eu/entry/result/1427184;il prelievo dei rifiuti, compresi la cernita preliminare e il deposito preliminare, ai fini del loro trasporto in un impianto di trattamento;IATE;gestione dei rifiuti;;
raccolta degli oli e grassi commestibili;https://dbpedia.org/page/Category:Waste_management;;il prelievo degli oli e grassi commestibili, compresi la cernita preliminare e il deposito preliminare, ai fini del loro trasporto in un impianto di trattamento;;;raccolta differenziata;
raccolta dei prodotti tessili;https://dbpedia.org/page/Category:Waste_management;;il prelievo dei prodotti tessili, compresi la cernita preliminare e il deposito preliminare, ai fini del loro trasporto in un impianto di trattamento;;;raccolta differenziata;
raccolta dei rifiuti biodegradabili di cucine e mense;https://dbpedia.org/page/Category:Waste_management;;il prelievo dei rifiuti biodegradabili di cucine e mense, compresi la cernita preliminare e il deposito preliminare, ai fini del loro trasporto in un impianto di trattamento;;;raccolta differenziata;
raccolta dei rifiuti ingombranti;https://dbpedia.org/page/Category:Waste_management;;il prelievo dei rifiuti ingombranti, compresi la cernita preliminare e il deposito preliminare, ai fini del loro trasporto in un impianto di trattamento;;raccolta dei rifiuti urbani;;
raccolta dei rifiuti urbani;https://dbpedia.org/page/Category:Waste_management;;il prelievo dei rifiuti urbani, compresi la cernita preliminare e il deposito preliminare, ai fini del loro trasporto in un impianto di trattamento;;raccolta;;
raccolta dei rifiuti urbani e speciali;https://dbpedia.org/page/Category:Waste_management;;;;;;
raccolta di pannolini pannoloni e traverse;https://dbpedia.org/page/Category:Waste_management;;il prelievo di pannolini, pannoloni e traverse, compresi la cernita preliminare e il deposito preliminare, ai fini del loro trasporto in un impianto di trattamento;;;raccolta differenziata;
raccolta di prossimità;https://dbpedia.org/page/Category:Waste_management;;Raccolta del rifiuto mediante contenitori posizionati su strade o aree pubbliche. L’accesso ai contenitori stradali è libero e non è soggetto ad alcun tipo di controllo, senza alcun obbligo per l’utente di rispettare orari e date prestabilite per il conferimento.;arpa.veneto.it;raccolta differenziata;raccolta differenziata porta a porta integrata;
raccolta differenziata;https://dbpedia.org/page/Category:Waste_management;https://iate.europa.eu/entry/result/1228742;raccolta in cui un flusso di rifiuti è tenuto separato in base al tipo e alla natura dei rifiuti al fine di facilitarne il trattamento specifico;IATE;raccolta dei rifiuti urbani;;
raccolta differenziata porta a porta;https://dbpedia.org/page/Category:Waste_management;;raccolta del rifiuto di ogni singola utenza mediante appositi contenitori forniti alla stessa. Il prelievo dei rifiuti avviene, in orari e date prestabiliti, in cui gli utenti espongono i contenitori all’esterno della loro casa.;arpa.veneto.it;raccolta differenziata;raccolta differenziata porta a porta integrata;
raccolta differenziata porta a porta integrata;https://dbpedia.org/page/Category:Waste_management;;sistema di raccolta differenziata in cui la raccolta porta a porta è attiva solo per alcune frazioni mentre per altre è attiva la raccolta di prossimità;;raccolta differenziata porta a porta;;
raccolta differenziata porta a porta spinto;https://dbpedia.org/page/Category:Waste_management;;Raccolta porta a porta della frazione umida, della frazione secca residua e di tutte le altre frazioni recuperabili;arpa.veneto.it;raccolta differenziata porta a porta;;
raccolta e trasporto dei rifiuti urbani;https://dbpedia.org/page/Category:Waste_management;;Comprende le operazioni di raccolta (svolta secondo diversi modelli di organizzazione del servizio) e di trasporto dei rifiuti urbani verso impianti di trattamento, di smaltimento, di riutilizzo e/o recupero.;;gestione dei rifiuti;;
raee ingombrante;https://dbpedia.org/page/Category:Waste_management;;;;"rifiuti di apparecchiature elettriche ed elettroniche; rifiuto ingombrante";;
reclamo;https://dbpedia.org/page/Category:Waste_law;;comunicazione di un disservizio effettuata tramite servizio telefonico, posta inclusa la posta elettronica, o sportello (fisico e online), ove previsto.;TQRIF;;;&
reclamo verbale;https://dbpedia.org/page/Category:Waste_law;;comunicazione di un disservizio effettuata tramite uno sportello fisico;;reclamo;;
recupero;https://dbpedia.org/page/Category:Waste_management;https://iate.europa.eu/entry/result/1427430;qualsiasi operazione il cui principale risultato sia di permettere ai rifiuti di svolgere un ruolo utile sostituendo altri materiali che sarebbero stati altrimenti utilizzati per assolvere una particolare funzione o di prepararli ad assolvere tale funzione, all’interno dell’impianto o nell’economia in generale;IATE;gestione dei rifiuti;;
recupero degli oli e grassi commestibili;https://dbpedia.org/page/Category:Waste_management;;qualsiasi operazione il cui principale risultato sia di permettere agli oli e grassi commestibili di svolgere un ruolo utile sostituendo altri materiali che sarebbero stati altrimenti utilizzati per assolvere una particolare funzione o di prepararli ad assolvere tale funzione, all’interno dell’impianto o nell’economia in generale;;recupero;;
recupero dei rifiuti biodegradabili di cucine e mense;https://dbpedia.org/page/Category:Waste_management;;qualsiasi operazione il cui principale risultato sia di permettere ai rifiuti biodegradabili di cucine e mense di svolgere un ruolo utile sostituendo altri materiali che sarebbero stati altrimenti utilizzati per assolvere una particolare funzione o di prepararli ad assolvere tale funzione, all’interno dell’impianto o nell’economia in generale;;riciclaggio/recupero delle sostanze organiche non utilizzate come solventi;;
recupero dell'evasione;https://dbpedia.org/page/Category:Waste_law;;Insieme di attività finalizzate a individuare e recuperare le imposte non versate da parte dei contribuenti.;;;gestione tariffe e rapporto con gli utenti;
regolamento comunale per la gestione dei rifiuti;https://dbpedia.org/page/Category:Waste_law;;"regolamento redatto ai sensi dell'art 198 del d.lgs. 152/2006 che stabilisce in particolare:
a) le misure per assicurare la tutela igienico-sanitaria in tutte le fasi della gestione dei rifiuti urbani;
b) le modalità del servizio di raccolta e trasporto dei rifiuti urbani;
c) le modalità del conferimento, della raccolta differenziata e del trasporto dei rifiuti urbani al fine di garantire una distinta gestione delle diverse frazioni di rifiuti e promuovere il recupero degli stessi;
d) le norme atte a garantire una distinta ed adeguata gestione dei rifiuti urbani pericolosi e dei rifiuti da esumazione ed estumulazione di cui all'articolo 184, comma 2, lettera f);
e) le misure necessarie ad ottimizzare le forme di conferimento, raccolta e trasporto dei rifiuti primari di imballaggio in sinergia con altre frazioni merceologiche, fissando standard minimi da rispettare;
f) le modalità di esecuzione della pesata dei rifiuti urbani prima di inviarli al recupero e allo smaltimento;";;documento;;
regolamento tari;https://dbpedia.org/page/Category:Waste_law;;Regolamento che disciplina l’applicazione del tributo comunale sui rifiuti nel comune, in attuazione dell’art. 1, comma 639 della L. 27 dicembre 2013 n. 147;;documento;;
residuo;https://dbpedia.org/page/Category:Waste_management;https://iate.europa.eu/entry/result/48685;qualsiasi sostanza od oggetto derivante da un processo di produzione e che, di per sé, non è direttamente utilizzabile;IATE;;;
residuo industriale;https://dbpedia.org/page/Category:Waste_management;;Qualsiasi materiale, sostanza o prodotto di scarto generato durante un processo produttivo o industriale.;;residuo;;
responsabile del centro di raccolta;https://dbpedia.org/page/Category:Waste_management;;Soggetto che gestisce il centro di raccolta;;figura professionale;;
richiesta di attrezzature per la raccolta differenziata;https://dbpedia.org/page/Category:Waste_management;;Procedura o modulo finlizzato richiedere l'attrezzatura necessaria a svolgere la raccolta differenziata.;;;;
richiesta per la sostituzioneintegrazione o modifica della volumetria;https://dbpedia.org/page/Category:Waste_law;;la dichiarazione TARI o la comunicazione di variazione dell’utenza effettuata in regime di tariffa corrispettiva.;TQRIF;documento;;
riciclabile;https://dbpedia.org/page/Category:Waste_management;https://iate.europa.eu/entry/result/3587872;che può essere soggetto al recupero di materiali, con il duplice obiettivo di limitare la quantità di rifiuti e di ottenere un risparmio di materia o di energia reinserendo nei cicli produttivi i materiali recuperati;IATE;caratteristica;;
riciclaggio;https://dbpedia.org/page/Category:Waste_management;https://iate.europa.eu/entry/result/830978;qualsiasi operazione di recupero attraverso cui i materiali di rifiuto sono ritrattati per ottenere prodotti, materiali o sostanze da utilizzare per la loro funzione originaria o per altri fini;IATE;recupero;;
riciclaggio/recupero;https://dbpedia.org/page/Category:Waste_management;;;;;;
riciclaggio/recupero dei metalli e dei composti metallici;https://dbpedia.org/page/Category:Waste_management;;;;recupero;;
riciclaggio/recupero delle sostanze organiche non utilizzate come solventi;https://dbpedia.org/page/Category:Waste_management;;;;recupero;;
riciclaggio/recupero di altre sostanze inorganiche;https://dbpedia.org/page/Category:Waste_management;;;;recupero;;
riciclato;https://dbpedia.org/page/Category:Waste_management;;Sottoposto a operazioni di riciclaggio, in modo da poter essere recuperato per un nuovo uso;vocabolario treccani;caratteristica;;
rifiuti di abbigliamento;https://dbpedia.org/page/Category:Waste_management;;I capi di abbigliamento che sono rifiuti ai sensi dell'articolo 3, paragrafo 1, della direttiva 2008/98/CE;;"rifiuto differenziato; rifiuto non pericoloso";;
rifiuti di apparecchiature elettriche ed elettroniche;https://dbpedia.org/page/Category:Waste_management;;Le apparecchiature elettriche o elettroniche che sono rifiuti ai sensi dell'articolo 3, paragrafo 1, della direttiva 2008/98/CE, inclusi tutti i componenti, sottoinsiemi e ma teriali di consumo che sono parte integrante del prodotto al momento in cui si decide di eliminarlo.;http://data.europa.eu/eli/dir/2012/19/oj;rifiuto differenziato;;
rifiuti di pile o accumulatori;https://dbpedia.org/page/Category:Waste_management;;"Le pile e gli accumulatori che costituiscono rifiuti a norma dell'articolo 2, paragrafo 1, della direttiva 2008/98/CE;";http://data.europa.eu/eli/dir/2006/66/2018-07-04;"rifiuto differenziato; pila";;
rifiuti zero;https://dbpedia.org/page/Category:Waste_law;;Strategia di gestione dei rifiuti che si propone di riprogettare la vita ciclica dei rifiuti considerati non come scarti ma risorse da riutilizzare come materie prime seconde, contrapponendosi alle pratiche che prevedono necessariamente processi di incenerimento o discarica, e tendendo ad annullare o diminuire sensibilmente la quantità di rifiuti da smaltire.;wikipedia.it;;;
rifiuto;https://dbpedia.org/page/Category:Waste_management;https://iate.europa.eu/entry/result/3535256;Qualsiasi sostanza od oggetto di cui il detentore si disfi o abbia l'intenzione o l'obbligo di disfarsi.;IATE;;;
rifiuto abbandonato;https://dbpedia.org/page/Category:Waste_management;;rifiuto immesso nel terreno o nelle acque superficiali o sotterranee.;;rifiuto;;
rifiuto biodegradabile;https://dbpedia.org/page/Category:Waste_management;https://iate.europa.eu/entry/result/919405;qualsiasi rifiuto che per natura subisce processi di decomposizione aerobica o anaerobica, quali, ad esempio, rifiuti di alimenti, rifiuti dei giardini, rifiuti di carta e cartone;IATE;rifiuto;;
rifiuto biodegradabile da giardini e parchi;https://dbpedia.org/page/Category:Waste_management;;rifiuto biodegradabile proveniente dalle attività di manutenzione di giardini e parchi;;rifiuto organico;;
rifiuto biodegradabile di cucine e mense;https://dbpedia.org/page/Category:Waste_management;;rifiuto alimentare e di cucina prodotto da nuclei domestici, ristoranti, servizi di ristorazione e punti vendita al dettaglio;;"rifiuto organico; rifiuto differenziato";;
rifiuto conferibile;https://dbpedia.org/page/Category:Waste_management;;Rifiuto che può essere conferito in una determinata modalità;;rifiuto;;
rifiuto conferito;https://dbpedia.org/page/Category:Waste_management;;Rifiuto che è già stato consegnato al circuito di raccolta.;;rifiuto;;
rifiuto contenente mercurio;https://dbpedia.org/page/Category:Waste_management;;Prodotto o un componente di prodotto contenente mercurio o un composto del mercurio che è stato aggiunto intenzionalmente che è un rifiuto ai sensi dell'articolo 3, paragrafo 1, della direttiva 2008/98/CE;;"rifiuto differenziato; rifiuto urbano pericoloso";;
rifiuto di legno;https://dbpedia.org/page/Category:Waste_management;;Oggetto di legno che è un rifiuo ai sensi dell'articolo 3, paragrafo 1, della direttiva 2008/98/CE;;rifiuto differenziato;;
rifiuto di plastica;https://dbpedia.org/page/Category:Waste_management;;Oggetto in plastica o parte di esso che è un rifiuto ai sensi dell'articolo 3, paragrafo 1, della direttiva 2008/98/CE;;"multimateriale; rifiuto non pericoloso";;
rifiuto differenziato;https://dbpedia.org/page/Category:Waste_management;;Rifiuto proveniente dalla raccolta differenziata.;;rifiuto urbano;;
rifiuto domestico;https://dbpedia.org/page/Category:Waste_management;https://iate.europa.eu/entry/result/1427180;rifiuto proveniente da locali e luoghi adibiti ad uso di civile abitazione;IATE;rifiuto urbano;;
rifiuto domestico speciale non pericoloso;https://dbpedia.org/page/Category:Waste_management;;rifiuto domestico speciale che non presenta una o più caratteristiche pericolose di cui all’allegato III della Direttiva 2008/98/CE;;rifiuto speciale non pericoloso;;
rifiuto farmaceutico;https://dbpedia.org/page/Category:Waste_management;;Medicinale che è diventato un rifiuto ai sensi dell'articolo 3, paragrafo 1, della direttiva 2008/98/CE;;rifiuto differenziato;;
rifiuto inerte;https://dbpedia.org/page/Category:Waste_management;;i rifiuti solidi derivanti dalle attività di costruzione e demolizione e altri rifiuti di origine minerale che non subiscono alcuna trasformazione fisica, chimica o biologica significativa, che non si dissolvono, non bruciano, non sono soggetti ad altre reazioni fisiche o chimiche, non sono biodegradabili, e che, in caso di contatto con altre materie, non comportano effetti nocivi tali da provocare inquinamento ambientale o danno alla salute umana.;"https://www.normattiva.it/uri-res/N2Ls?urn:nir:ambiente.energetica.ministero.sicurezza:decreto:2024-06-28;127%21vig=2024-10-10%20";rifiuto speciale non pericoloso;;
rifiuto inerte derivante dalle attività di costruzione e demolizione;https://dbpedia.org/page/Category:Waste_management;;I rifiuti derivanti dalle operazioni di costruzione e demolizione identificati al capitolo 17 dell'elenco europeo dei rifiuti di cui alla decisione della Commissione 2000/532/Ce del 3 maggio 2000, ove elencati nell'Allegato 1, Tabella 1, punto 1, del presente regolamento.;"https://www.normattiva.it/uri-res/N2Ls?urn:nir:ambiente.energetica.ministero.sicurezza:decreto:2024-06-28;127%21vig=2024-10-10%20";rifiuto inerte;;
rifiuto inerte da interventi privati;https://dbpedia.org/page/Category:Waste_management;;I rifiuti inerti derivanti da piccole attività di manutenzione effettuate in proprio da utenti domestici.;;rifiuto inerte derivante dalle attività di costruzione e demolizione;;
rifiuto ingombrante;https://dbpedia.org/page/Category:Waste_management;https://iate.europa.eu/entry/result/112509;Rifiuto domestico che per dimensioni, peso o volume non può essere smaltito con i normali rifiuti urbani;consulenteambientale.it;rifiuto urbano;;
rifiuto ingombrante misto;https://dbpedia.org/page/Category:Waste_management;;rifiuto ingombrante composto da più materiali;;rifiuto ingombrante;;
rifiuto ingombrante pericoloso;https://dbpedia.org/page/Category:Waste_management;;rifiuto ingombrante che presenta una o più caratteristiche pericolose di cui all’allegato III della Direttiva 2008/98/CE;;"rifiuto urbano pericoloso; rifiuto ingombrante";;
rifiuto non conferibile;https://dbpedia.org/page/Category:Waste_management;;Rifiuto che non può essere conferito in una determinata modalità;;rifiuto;;
rifiuto non ingombrante;https://dbpedia.org/page/Category:Waste_management;;Rifiuto domestico che può essere smaltito con i normali rifiuti urbani;;rifiuto;;
rifiuto non pericoloso;https://dbpedia.org/page/Category:Waste_management;https://iate.europa.eu/entry/result/911204;rifiuto che non presenta le caratteristiche di pericolosità dei rifiuti pericolosi;IATE;rifiuto;;
rifiuto non riciclabile;https://dbpedia.org/page/Category:Waste_management;;rifiuto che non può essere soggetto al recupero di materiali.;;rifiuto;;
rifiuto organico;https://dbpedia.org/page/Category:Waste_management;;"rifiuti biodegradabili di giardini e parchi, rifiuti alimentari e di cucina prodotti da nuclei domestici, ristoranti, servizi di ristorazione e punti vendita al dettaglio e rifiuti simili prodotti dagli impianti dell’industria alimentare;";http://data.europa.eu/eli/dir/2008/98/oj;"rifiuto biodegradabile; rifiuto non pericoloso; rifiuto urbano";;
rifiuto pericoloso;https://dbpedia.org/page/Category:Waste_management;https://iate.europa.eu/entry/result/1427310;Rifiuto che presenta una o più caratteristiche pericolose di cui all’allegato III  della Direttiva 2008/98/CE;IATE;rifiuto;;
rifiuto raccolto a domicilio;https://dbpedia.org/page/Category:Waste_management;;Rifiuto che è stato ritirato dal servizio di raccolta porta a porta;;rifiuto urbano;;
rifiuto riciclabile;https://dbpedia.org/page/Category:Waste_management;;Rifiuto che può essere soggetto al recupero di materiali, con il duplice obiettivo di limitare la quantità di rifiuti e di ottenere un risparmio di materia o di energia reinserendo nei cicli produttivi i materiali recuperati;;rifiuto;;
rifiuto sanitario;https://dbpedia.org/page/Category:Waste_management;;"i rifiuti elencati a titolo esemplificativo, negli allegati I e II del presente regolamento, che derivano da strutture pubbliche e private, individuate ai sensi del decreto legislativo 30 dicembre 1992, n. 502, e successive modificazioni, che svolgono attività medica e veterinaria di prevenzione, di diagnosi, di cura, di riabilitazione e di ricerca ed erogano le prestazioni di cui alla legge 23 dicembre 1978, n. 833;";DPR 2003/252;rifiuto speciale;;
rifiuto speciale;https://dbpedia.org/page/Category:Waste_management;https://iate.europa.eu/entry/result/49142;"Sono rifiuti speciali:
a) i rifiuti prodotti nell'ambito delle attività agricole, agro-industriali e della silvicoltura, ai sensi e per gli effetti dell'articolo 2135 del codice civile, e della pesca;
b) i rifiuti prodotti dalle attività di costruzione e demolizione, nonché i rifiuti che derivano dalle attività di scavo, fermo restando quanto disposto dall'articolo 184-bis;
c) i rifiuti prodotti nell'ambito delle lavorazioni industriali se diversi da quelli di cui al comma 2;
d) i rifiuti prodotti nell'ambito delle lavorazioni artigianali se diversi da quelli di cui al comma 2;
e) i rifiuti prodotti nell'ambito delle attività commerciali se diversi da quelli di cui al comma 2;
f) i rifiuti prodotti nell'ambito delle attività di servizio se diversi da quelli di cui al comma 2;
g) i rifiuti derivanti dall'attività di recupero e smaltimento di rifiuti, i fanghi prodotti dalla potabilizzazione e da altri trattamenti delle acque e dalla depurazione delle acque reflue, nonché i rifiuti da abbattimento di fumi, dalle fosse settiche e dalle reti fognarie;
h) i rifiuti derivanti da attività sanitarie se diversi da quelli all'articolo 183, comma 1, lettera b-ter);
i) i veicoli fuori uso.
))";"https://www.normattiva.it/uri-res/N2Ls?urn:nir:stato:decreto.legislativo:2006-04-03;152";frazione merceologica;;
rifiuto speciale non pericoloso;https://dbpedia.org/page/Category:Waste_management;;rifiuto speciale che non presenta le caratteristiche di pericolosità dei rifiuti pericolosi;;rifiuto speciale;;
rifiuto tossico e infiammabile;https://dbpedia.org/page/Category:Waste_management;;;;rifiuto urbano pericoloso;;
rifiuto tossico e infiammabile e corrosivo;https://dbpedia.org/page/Category:Waste_management;;;;oggetto;;
rifiuto urbano;https://dbpedia.org/page/Category:Waste_management;https://iate.europa.eu/entry/result/1442713;"1. i rifiuti domestici indifferenziati e da raccolta differenziata, ivi compresi: carta e cartone, vetro, metalli, plastica, rifiuti organici, legno, tessili, imballaggi, rifiuti di apparecchiature elettriche ed elettroniche, rifiuti di pile e accumulatori e rifiuti ingombranti, ivi compresi materassi e mobili;
2.i rifiuti indifferenziati e da raccolta differenziata provenienti da altre fonti che sono simili per natura e composizione ai rifiuti domestici indicati nell'allegato L-quater prodotti dalle attività riportate nell'allegato L-quinquies;
3.i rifiuti provenienti dallo spazzamento delle strade e dallo svuotamento dei cestini portarifiuti;
4.i rifiuti di qualunque natura o provenienza, giacenti sulle strade ed aree pubbliche o sulle strade ed aree private comunque soggette ad uso pubblico o sulle spiagge marittime e lacuali e sulle rive dei corsi d'acqua;
5.i rifiuti della manutenzione del verde pubblico, come foglie, sfalci d'erba e potature di alberi, nonché i rifiuti risultanti dalla pulizia dei mercati;
6.i rifiuti provenienti da aree cimiteriali, esumazioni ed estumulazioni, nonché gli altri rifiuti provenienti da attività cimiteriale diversi da quelli di cui ai punti 3, 4 e 5. (137)
6-bis.i rifiuti accidentalmente pescati ((nonché quelli)) volontariamente raccolti, anche attraverso campagne di pulizia, in mare, nei laghi, nei fiumi e nelle lagune.";"https://www.normattiva.it/uri-res/N2Ls?urn:nir:stato:decreto.legislativo:2006-04-03;152";frazione merceologica;;
rifiuto urbano pericoloso;https://dbpedia.org/page/Category:Waste_management;;Rifiuto urbano che presenta una o più caratteristiche pericolose di cui all’allegato III  della Direttiva 2008/98/CE;;"rifiuto pericoloso; rifiuto urbano";;
rifiuto urbano residuo;https://dbpedia.org/page/Category:Waste_management;https://iate.europa.eu/entry/result/915701;il  rifiuto  residuale  dalla raccolta differenziata dei rifiuti urbani e assimilati (CER 200301);DM 20/04/2017;"rifiuto non pericoloso; rifiuto urbano";;
rigenerazione/recupero di solventi;https://dbpedia.org/page/Category:Waste_management;;Specifico trattamento atto a rendere riutilizzabili solventi già utilizzati.;;recupero;;
rimozione di micro discariche;https://dbpedia.org/page/Category:Waste_management;;Eliminare piccole discariche abusive o accumuli di rifiuti illegali in aree pubbliche o private;;raccolta dei rifiuti urbani;;
ritiro su prenotazione;https://dbpedia.org/page/Category:Waste_management;;è il servizio di raccolta domiciliare dei rifiuti urbani che per natura o dimensione non sono compatibili con le modalità di raccolta domiciliare o stradale e di prossimità adottate ordinariamente nella gestione, quali, ad esempio, i rifiuti ingombranti, i RAEE, sfalci e potature;TQRIF;;raccolta differenziata;
riutilizzabile;https://dbpedia.org/page/Category:Waste_management;https://iate.europa.eu/entry/result/770504;imballaggio concepito, progettato e immesso sul mercato per poter compiere, durante il suo ciclo di vita, molteplici spostamenti o rotazioni, in quanto è riempito nuovamente o riutilizzato con la stessa finalità per la quale è stato concepito;;caratteristica;;
riutilizzo;https://dbpedia.org/page/Category:Waste_management;https://iate.europa.eu/entry/result/787415;qualsiasi operazione attraverso la quale prodotti o componenti che non sono rifiuti sono reimpiegati per la stessa finalità per la quale erano stati concepiti;;gestione dei rifiuti;;
rottame di vetro;https://dbpedia.org/page/Category:Waste_management;;rottame derivante dal recupero di rifiuti di vetro;http://data.europa.eu/eli/reg/2012/1179/oj;;;
sacco;https://dbpedia.org/page/Category:Waste_management;;Sacco o sacchetto per il quale il primo utilizzo è per la raccolta dei rifiuti domestici;;attrezzatura;;
sacco biodegradabile;https://dbpedia.org/page/Category:Waste_management;;Sacco per la raccolta differenziata dei rifiuti biodegradabili che presenta i requisiti di biodegradabilità definiti nella norma EN 13432;;sacco;;
sacco con legaccio;https://dbpedia.org/page/Category:Waste_management;;Sacco destinato a contenere rifiuti chiuso con un legaccio.;;sacco;;
sacco di bioplastica;https://dbpedia.org/page/Category:Waste_management;;Sacco realizzato in bioplastica;;sacco biodegradabile;;
sacco di carta;https://dbpedia.org/page/Category:Waste_management;;Sacco realizzato in carta;;sacco;;
sacco di carta con legaccio;https://dbpedia.org/page/Category:Waste_management;;Sacco di carta destinato a contenere rifiuti, chiuso tramite un laccio;;busta di carta;;
sacco di plastica;https://dbpedia.org/page/Category:Waste_management;;borsa da asporto con o senza manici, in plastica, fornita ai consumatori nei punti vendita di merci o prodotti;IATE;sacco;;
sacco nero;https://dbpedia.org/page/Category:Waste_management;;Sacco opaco di colore nero;;sacco;;
sacco non conforme;https://dbpedia.org/page/Category:Waste_management;;Sacco che non rispetta specifiche disposizioni normative;;sacco;;
sacco trasparente;https://dbpedia.org/page/Category:Waste_management;;Sacco trasparente che permette di osservarne agevolmente il contenuto.;;sacco;;
servizio di raccolta e trasporto dei rifiuti urbani;https://dbpedia.org/page/Category:Waste_management;;;;gestione dei rifiuti;;
settore ecologia ed ambiente;https://dbpedia.org/page/Category:Waste_law;;L'nsieme degli uffici che si occupano di temi ambientali in un dato comune.;;comune;;
single-use plastics;https://dbpedia.org/page/Category:Artificial_objects;;"prodotto fatto di plastica in tutto o in parte, non concepito, progettato o immesso sul mercato per compiere più spostamenti o rotazioni durante la sua vita essendo rinviato a un produttore per la ricarica o riutilizzato per lo stesso scopo per il quale è stato concepito;";http://data.europa.eu/eli/dir/2019/904/oj;oggetto;;
sistema di controllo della tracciabilità dei rifiuti;https://dbpedia.org/page/Category:Waste_law;;sistema informativo voluto dal Ministero dell'Ambiente italiano per monitorare i rifiuti pericolosi tramite la tracciabilità degli stessi. Con l'articolo 6 del Decreto-legge 14 dicembre 2018, n. 135 se ne è decretata la soppressione, non essendo, tra l'altro, mai entrato definitivamente in funzione.;wikipedia.it;;;
sistema di gestione ambientale;https://dbpedia.org/page/Category:Environmental_law;https://iate.europa.eu/entry/result/876255;strumento che consente a un'organizzazione di qualsiasi tipo o dimensione di controllare l'impatto delle proprie attività, dei propri prodotti o dei propri servizi sull'ambiente naturale;IATE;;;
smaltimento;https://dbpedia.org/page/Category:Waste_management;https://iate.europa.eu/entry/result/1427049;qualunque operazione mirante ad eliminare o sistemare in modo definitivo i rifiuti senza pericolo per la salute dell'uomo e senza recare pregiudizio all'ambiente, quale messa in discarica, trattamento in ambiente terrestre, iniezione in profondità;IATE;gestione dei rifiuti;;
smaltimento dei rifiuti urbani;https://dbpedia.org/page/Category:Waste_management;;qualunque operazione mirante ad eliminare o sistemare in modo definitivo i rifiuti urbani senza pericolo per la salute dell'uomo e senza recare pregiudizio all'ambiente, quale messa in discarica, trattamento in ambiente terrestre, iniezione in profondità;;smaltimento;;
smaltire;https://dbpedia.org/page/Category:Waste_management;;Eliminare o sistemare in modo definitivo i rifiuti senza pericolo per la salute dell'uomo e senza recare pregiudizio all'ambiente.;;;;
smaltire tramite combustione all'aperto;https://dbpedia.org/page/Category:Waste_management;;Eeliminare rifiuti bruciandoli all'esterno, senza l'utilizzo di impianti o dispositivi di controllo delle emissioni;;smaltire;;
smaltito;https://dbpedia.org/page/Category:Waste_management;;Eliminato o sistemato in modo definitivo, senza pericolo per la salute dell'uomo e senza recare pregiudizio all'ambiente.;;;;
sostanza inquinante;https://dbpedia.org/page/Category:Natural_environment;https://iate.europa.eu/entry/result/764073;qualunque sostanza di origine naturale o antropica che non rientri nella composizione della matrice di interesse o sia presente in essa in concentrazione nettamente superiore ai valori naturali e che abbia un effetto ritenuto dannoso sull'ambiente;IATE;materiale;;
sostanza pericolosa;https://dbpedia.org/page/Category:Natural_environment;https://iate.europa.eu/entry/result/842329;"Una sostanza classificata come pericolosa in quanto conforme ai criteri di cui alle parti da 2 a 5 dell'allegato I del regolamento (CE) n. 1272/2008;";"https://www.normattiva.it/uri-res/N2Ls?urn:nir:stato:decreto.legislativo:2006-04-03;152";materiale;;
spazzamento delle strade;https://dbpedia.org/page/Category:Waste_management;;modalità di raccolta dei rifiuti mediante operazione di pulizia delle strade, aree pubbliche e aree private ad uso pubblico escluse le operazioni di sgombero della neve dalla sede stradale e sue pertinenze, effettuate al solo scopo di garantire la loro fruibilità e la sicurezza del transito.;"https://www.normattiva.it/uri-res/N2Ls?urn:nir:stato:decreto.legislativo:2006-04-03;152";;spazzamento e lavaggio;
spazzamento e lavaggio;https://dbpedia.org/page/Category:Waste_management;;comprende le operazioni di spazzamento - meccanizzato, manuale e misto - e di lavaggio delle strade e del suolo pubblico, svuotamento cestini e raccolta foglie, escluse le operazioni di sgombero della neve dalla sede stradale e sue pertinenze, effettuate al solo scopo di garantire la loro fruibilità e la sicurezza del transito.;TQRIF;raccolta dei rifiuti urbani;;
spazzamento integrato;https://dbpedia.org/page/Category:Waste_management;;Spazzamento delle strade in modalità mista, ovvero con spazzamento meccanizzato e manuale;;spazzamento delle strade;;
spazzamento manuale;https://dbpedia.org/page/Category:Waste_management;;Spazzamento delle strade effettuato manualmente da operatori ecologici.;;spazzamento delle strade;"spazzamento manuale; spazzamento meccanizzato";
spazzamento meccanizzato;https://dbpedia.org/page/Category:Waste_management;;Spazzamento delle strade effettuato tramite appositi veicoli (autospazzatrice);;spazzamento delle strade;;
spazzamento straordinario;https://dbpedia.org/page/Category:Waste_management;;Spazzamento delle strade effettuato al di fuori della programmazione ordinaria, solitamente in situazioni particolari o eccezionali quali, ad esempio, eventi e festività.;;;spazzamento delle strade;
stoccaggio;https://dbpedia.org/page/Category:Waste_management;https://iate.europa.eu/entry/result/1408542;Le attività di smaltimento consistenti nelle operazioni di deposito preliminare di rifiuti di cui al punto D15 dell'allegato B alla parte quarta del presente decreto, nonché le attività di recupero consistenti nelle operazioni di messa in riserva di rifiuti di cui al punto R13 dell'allegato C alla medesima parte quarta.;"https://www.normattiva.it/uri-res/N2Ls?urn:nir:stato:decreto.legislativo:2006-04-03;152";"recupero; smaltimento";;
stoppia;https://dbpedia.org/page/Category:Waste_management;https://iate.europa.eu/entry/result/1255629;residui di una coltura erbacea, in particolare cereali, rimasti sul campo dopo il taglio o la mietitura;IATE;rifiuto biodegradabile da giardini e parchi;;
superficie assoggettabile al tributo;https://dbpedia.org/page/Category:Waste_law;;superficie calpestabile di unità immobiliari, iscritte o iscrivibili nel catasto urbano, suscettibili di produrre rifiuti.;confcommercio.it;;utenza;
svuotamento;https://dbpedia.org/page/Category:Waste_management;;L'operazione di raccogliere i rifiuti contenuti in cestini cassonetti e bidoni.;;raccolta dei rifiuti urbani;;
svuotamento dei bidoni carrellati;https://dbpedia.org/page/Category:Waste_management;;L'operazione di raccogliere i rifiuti contenuti nei bidoni carrellati.;;svuotamento;;
svuotamento dei cassonetti;https://dbpedia.org/page/Category:Waste_management;;L'operazione di raccogliere i rifiuti contenuti nei cassonetti;;svuotamento;;
svuotamento dei cestini;https://dbpedia.org/page/Category:Waste_management;;L'operazione di raccogliere i rifiuti contenuti nei cestini;;svuotamento;;
tassa rifiuti;https://dbpedia.org/page/Category:Waste_law;;è la tariffa istituita ai sensi dell’articolo 1, commi 639 e 651, della legge 147/13, comprensiva sia della TARI determinata coi criteri presuntivi indicati nel d.P.R. 158/99 (TARI presuntiva) sia della TARI determinata facendo riferimento ai criteri di calibratura individuale e misurazione delle quantità indicati nel d.P.R. 158/99 (tributo puntuale).;TQRIF;tassa sui rifiuti;;
tassa rifiuti presuntiva;https://dbpedia.org/page/Category:Waste_law;;TARI determinata coi criteri presuntivi indicati nel d.P.R. 158/99;TQRIF;tassa rifiuti;;
tassa rifiuti puntuale;https://dbpedia.org/page/Category:Waste_law;;TARI determinata facendo riferimento ai criteri di calibratura individuale e misurazione delle quantità indicati nel d.P.R. 158/99;TQRIF;tassa rifiuti;;
tassa smaltimento rifiuti solidi urbani;https://dbpedia.org/page/Category:Waste_law;;tassa che era prevista dal D.Lgs. n. 507 del 15 novembre 1993, con la quale si pagava il servizio di smaltimento dei rifiuti effettuato dal Comune. Oggi sostituita dalla TARI;;tassa sui rifiuti;;
tassa sui rifiuti;https://dbpedia.org/page/Category:Waste_law;;;;;;
termovalorizzatore;https://dbpedia.org/page/Category:Waste_management;https://iate.europa.eu/entry/result/2244474;I termovalorizzatori sono impianti che utilizzano rifiuti come combustibile per produrre calore o energia.;IATE;impianto finale di smaltimento;;
tessera dei rifiuti;https://dbpedia.org/page/Category:Waste_management;;Tessera identificativa utilizzata per accedere al centro di raccolta, ritirare le attrezzature per la raccolta differenziata e usufruire di altri servizi relativi alla gestione dei rifiuti.;;attrezzatura;;
tetrapak;https://dbpedia.org/page/Category:Waste_management;https://iate.europa.eu/entry/result/1105566;Nome commerciale di un contenitore in cartoncino paraffinato a forma di tetraedro, usato per la conservazione e il trasporto di latte, bevande o altri alimenti liquidi (panna, salse, e sim.);vocabolario treccani;imballaggio in materiale misto;;
toner per stampa esauriti;https://dbpedia.org/page/Category:Waste_management;;cartucce di toner utilizzate nelle stampanti laser che hanno esaurito il loro inchiostro in polvere;;rifiuto speciale;;
tossico;https://dbpedia.org/page/Category:Waste_management;;Sostanze e preparati (compresi sostanze e preparati molto tossici) che, per inalazione, ingestione o penetrazione cutanea, possono comportare rischi per la salute gravi, acuti o cronici e anche la morte.;http://data.europa.eu/eli/dir/1994/62/oj;pericoloso;;
totale annuale conferito;https://dbpedia.org/page/Category:Waste_law;;Quantità totale di rifiuti conferiti presso il centro di raccolta in un anno da una singola utenza;;;;
totale massimo annuale;https://dbpedia.org/page/Category:Waste_law;;Quantità massima di rifiuti ammessa per il conferimento senza oneri a carico dell'utente;;;;
trasporto;https://dbpedia.org/page/Category:Waste_management;https://iate.europa.eu/entry/result/49688;Il trasporto di rifiuti su strada, per ferrovia, per via area, marittima o navigazione interna.;http://data.europa.eu/eli/reg/2024/1157/2024-04-30;gestione dei rifiuti;;
trasporto dei rifiuti urbani;https://dbpedia.org/page/Category:Waste_management;;trasporto di rifiuti urbani;;trasporto;;
trattamento meccanico biologico;https://dbpedia.org/page/Category:Waste_management;https://iate.europa.eu/entry/result/3562412;processo di trattamento dei rifiuti a freddo, attraverso la separazione del rifiuto residuale in una frazione umida e in una secca;IATE;recupero;;
tributo comunale sui rifiuti e sui servizi;https://dbpedia.org/page/Category:Waste_law;;è stato il tributo relativo alla gestione dei rifiuti nel sistema fiscale italiano. Fu introdotto dal decreto-legge 6 dicembre 2011;wikipedia.it;tassa sui rifiuti;;
tubo catodico;https://dbpedia.org/page/Category:Artificial_objects;https://iate.europa.eu/entry/result/1603747;tubo elettronico in cui un fascio di elettroni viene controllato e diretto da una lente elettronica in modo da permettere la visualizzazione di informazioni su uno schermo o anche la memorizzazione di dati sotto forma elettrostatica. Abbreviato in CRT;IATE;oggetto;;
uffcio tari;https://dbpedia.org/page/Category:Waste_law;;Ufficio che si occupa della gestione tariffe e rapporto con gli utenti, relativamente alla tassa rifiuti.;;;comune;
ufficio ambiente;https://dbpedia.org/page/Category:Environmental_law;;Ufficio comunale che si occupa dei temi ambientali e della gestione dei rifiuti;;;comune;
ufficio servizi esternalizzati e raccolta differenziata;https://dbpedia.org/page/Category:Artificial_objects;;Ufficio comunale che si occupa della gestione e del monitoraggio dei servizi affidati a enti esterni, ovvero a società o aziende private.;;;comune;
utente;https://dbpedia.org/page/Category:Waste_law;;è la persona fisica o giuridica che è o che sarà intestataria del documento di riscossione.;TQRIF;;;
utente domestico;https://dbpedia.org/page/Category:Waste_law;;è la persona fisica o giuridica che è o che sarà intestataria del documento di riscossione relativo ad un utenza domestica.;;utente;;
utenza;https://dbpedia.org/page/Category:Waste_law;;è l’immobile o l’area soggetta a tariffazione come definita all’articolo 2, comma 1, lettera c), del D.M. 20 aprile 2017.;TQRIF;;;
utenza domestica;https://dbpedia.org/page/Category:Waste_law;;unita'  immobiliare,  locale   o   area   scoperta operativa, adibita ad uso di civile abitazione, suscettibile di produrre  rifiuti urbani e/o assimilati  e  riferibile,  a  qualsiasi  titolo,  ad  una persona fisica o giuridica ovvero ad un «utente»;;utenza;;
utenza non domestica;https://dbpedia.org/page/Category:Waste_law;;unita'  immobiliare,  locale   o   area   scoperta operativa, non adibita ad uso di civile abitazione, suscettibile di produrre  rifiuti urbani e/o assimilati  e  riferibile,  a  qualsiasi  titolo,  ad  una persona fisica o giuridica ovvero ad un «utente»;;utenza;;
utenza turistica;https://dbpedia.org/page/Category:Waste_law;;unita'  immobiliare,  locale   o   area   scoperta operativa, adibita ad uso di attività ricettiva, suscettibile di produrre  rifiuti urbani e/o assimilati  e  riferibile,  a  qualsiasi  titolo,  ad  una persona fisica o giuridica ovvero ad un «utente»;;utenza non domestica;;
utilizzazione principalmente come combustibile o come altro mezzo per produrre energia;https://dbpedia.org/page/Category:Waste_management;;Combustione dei rifiuti al fine di produrre calore, vapore o elettricità.;;recupero;;
vetro;https://dbpedia.org/page/Category:Waste_management;;imaballaggi di vetro che sono rifiuti ai sensi dell'articolo 3, paragrafo 1, della direttiva 2008/98/CE;;"rifiuto differenziato; rifiuto non pericoloso";;
vigilanza igienico-sanitaria;https://dbpedia.org/page/Category:Environmental_law;;Insieme di operazione volte a vigilare sul rispetto dei requisiti igienico-sanitari di edifici e insediamenti urbani.;;;;
volta cassonetti;https://dbpedia.org/page/Category:Waste_management;https://iate.europa.eu/entry/result/1390554;Dispositivo proggettato per sollevare i cassonetti e rovesciare il loro contenuto all'interno dei mezzi di raccolta.;;attrezzatura;;
attività di front line;https://dbpedia.org/page/Category:Waste_management;;L'insieme delle operazioni eseguite direttamente sul campo, che richiedono l'intervento operativo immediato e hanno un impatto diretto sulla raccolta, il trattamento e lo smaltimento dei rifiuti.;;;;
grasso;https://dbpedia.org/page/Category:Materials;;Nome generico di sostanze di origine animale o vegetale, untuose e insolubili in acqua;vocabolario treccani;materiale;;
grasso animale;https://dbpedia.org/page/Category:Materials;;Materia grassa di origine animale come il burro o lo strutto.;wikipedia.it;grasso;;
grasso vegetale;https://dbpedia.org/page/Category:Materials;;Prodotti composti prevalentemente da miscele omogenee o eterogenee di lipidi, derivati dai vegetali. ;wikipedia.it;grasso;;
vetro ingombrante;https://dbpedia.org/page/Category:Waste_management;;Rifiuto ingombrante composto da vetro.;;rifiuto ingombrante;;
rifiuto di metallo;https://dbpedia.org/page/Category:Waste_management;;imaballaggi di metallo che sono rifiuti ai sensi dell'articolo 3, paragrafo 1, della direttiva 2008/98/CE;;"rifiuto differenziato; rifiuto non pericoloso";;
rifiuti di imballaggio in cartone;https://dbpedia.org/page/Category:Waste_management;;imaballaggi di carta e cartone che sono rifiuti ai sensi dell'articolo 3, paragrafo 1, della direttiva 2008/98/CE;;"rifiuto differenziato; rifiuto non pericoloso";;
materiale;https://dbpedia.org/page/Category:Materials;;;;;;
oggetto;https://dbpedia.org/page/Category:Artificial_objects;;;;;;
comune;;;;;;;
caratteristica;https://dbpedia.org/page/Category:Waste_management;;;;;;
attrezzatura;https://dbpedia.org/page/Category:Waste_management;;;;;;
documento;;;;;;;
attività esterna al ciclo integrato dei RU;https://dbpedia.org/page/Category:Waste_law;;"sono tutte quelle attività che, anche qualora siano state incluse nella concessione di affidamento del servizio di gestione integrata del ciclo dei rifiuti, ai sensi della normativa vigente, non possono essere incluse nel perimetro sottoposto a regolazione dell’Autorità; a titolo esemplificativo ma non esaustivo, comprendono in particolare:
- raccolta, trasporto e smaltimento amianto da utenze domestiche;
tuttavia, ai fini della determinazione dei corrispettivi, laddove già inclusa nella gestione del ciclo integrato dei rifiuti urbani alla data di pubblicazione del presente provvedimento, la micro raccolta dell’amianto da utenze domestiche è da considerarsi tra le attività di gestione dei RU;
- derattizzazione;
- disinfestazione zanzare;
- spazzamento e sgombero della neve;
- cancellazione scritte vandaliche;
- defissione di manifesti abusivi;
- gestione dei servizi igienici pubblici;
- gestione del verde pubblico;
- manutenzione delle fontane.";MTR2;;;
figura professionale;https://dbpedia.org/page/Category:Waste_management;;;;;;
materiale ferroso;https://dbpedia.org/page/Category:Materials;; Lega metallica che contiene una certa percentuale di ferro.;wikipedia.it;materiale;;
cassonetto intelligente;https://dbpedia.org/page/Category:Waste_management;;cassonetto dotato di sensori che permettono il riconoscimento dell'utente.;;cassonetto;;
cassonetto intelligente per pannolini pannoloni e traverse;https://dbpedia.org/page/Category:Waste_management;;cassonetto automatico adibito al conferimento di pannolini, pannoloni e traverse.;;"cassonetto intelligente; cassonetto per pannolini pannoloni e traverse";;
